customer_id,customer_name,dob,city,country,branch_id,ingestion_date
101,Ekbal Natarajan,1977-10-20,Parbhani,India,6,2025-03-18
102,Gaurav Raval,1960-06-30,Bhimavaram,India,9,2025-06-28
103,Siya Thaker,1955-04-24,Nagercoil,India,6,2025-08-25
104,Pushti Mutti,1993-08-04,Firozabad,India,7,2025-09-08
105,Ojasvi Bhatia,1990-12-06,North Dumdum,India,9,2025-05-20
106,Adya Divan,1966-03-24,Kozhikode,India,3,2025-06-17
107,Aarnav Agrawal,2002-09-28,Suryapet,India,9,2025-07-12
108,Suhani Date,1955-10-15,Rewa,India,9,2025-10-23
109,Raghav Datta,1980-04-18,Alwar,India,7,2025-03-24
110,Rayaan Sani,1968-06-30,Raipur,India,7,2025-03-24
111,Meghana Bansal,1969-07-24,Nellore,India,3,2026-02-20
112,Ronith Tripathi,1967-10-11,Tinsukia,India,7,2025-08-06
113,Warhi Jain,1997-09-18,Motihari,India,2,2025-04-22
114,Upadhriti Khanna,1989-05-16,Gorakhpur,India,6,2026-02-15
115,Naveen Jain,1962-05-26,Sonipat,India,1,2025-03-24
116,Oliver Dhaliwal,1955-04-10,Bhind,India,9,2025-06-25
117,Theodore Raval,1977-01-20,Vellore,India,6,2025-08-25
118,Jalsa Sridhar,1968-08-18,Warangal,India,4,2025-07-28
119,Arunima Vaidya,1990-01-10,Sambalpur,India,1,2025-10-17
120,Unni Gara,1991-03-15,Jabalpur,India,9,2026-01-10
121,Baghyawati Seth,1976-02-01,Medininagar,India,7,2025-07-01
122,Ridhi Lala,1985-07-04,Sambalpur,India,2,2026-01-24
123,Vyanjana Mishra,1989-01-17,Mahbubnagar,India,6,2026-02-11
124,Tarak Venkatesh,1957-04-24,Tumkur,India,6,2025-07-24
125,Rachana Saini,2000-04-12,Bikaner,India,10,2025-07-19
126,Hemal Ranganathan,1990-09-12,Latur,India,2,2025-03-18
127,Osha Palla,1981-08-30,Mira-Bhayandar,India,6,2025-05-30
128,William Varghese,1995-05-18,Bellary,India,5,2025-03-16
129,Janaki Patla,2005-09-25,Serampore,India,9,2025-03-25
130,Ranbir Din,1956-04-07,Bhiwandi,India,6,2025-04-30
131,Christopher Sinha,1992-06-10,Thane,India,4,2025-09-18
132,Radhika Tara,1962-02-11,Yamunanagar,India,5,2025-08-16
133,Ayushman Koshy,1989-01-15,Shimla,India,5,2025-06-24
134,Riya Sane,2002-12-06,Bhubaneswar,India,10,2025-11-21
135,Dakshesh Trivedi,1979-05-16,Bhilai,India,2,2025-03-27
136,Leela Chopra,1968-04-04,Tinsukia,India,5,2025-11-21
137,Atharv Sastry,1969-07-15,Kollam,India,1,2025-09-04
138,Indali Goyal,1977-02-26,Solapur,India,5,2025-09-01
139,Samesh Bhalla,1958-02-25,Dhanbad,India,6,2025-10-31
140,Harrison Kota,2005-07-31,Nagercoil,India,6,2025-11-11
141,Neha Choudhury,1985-10-02,Durgapur,India,7,2025-06-25
142,Sara Chanda,1988-12-09,Belgaum,India,9,2026-02-02
143,Faraj Raja,1992-07-13,Dewas,India,2,2025-10-04
144,Udarsh Taneja,1997-03-19,Silchar,India,9,2025-03-28
145,Ishwar Kumer,1963-07-16,Phagwara,India,9,2025-08-11
146,Damyanti Dhillon,1978-05-08,Srikakulam,India,6,2025-07-20
147,Caleb Om,1962-06-20,Gwalior,India,5,2025-03-09
148,Omisha Madan,1997-06-19,Hazaribagh,India,10,2025-10-12
149,Ronith Yogi,1981-11-21,Ranchi,India,1,2025-09-14
150,Vasana Chaudhari,2002-12-13,Vellore,India,4,2025-12-25
151,Oviya Bhavsar,2003-05-30,Dindigul,India,10,2025-11-02
152,Unnati Srinivas,1976-08-09,Siwan,India,4,2025-06-28
153,Karan Sankaran,1991-12-31,Loni,India,3,2025-04-24
154,Omkaar Saxena,1970-07-13,Pondicherry,India,3,2025-10-02
155,Champak Babu,1956-07-18,Surendranagar Dudhrej,India,1,2025-05-08
156,Pahal Bhavsar,1996-12-01,Meerut,India,2,2025-08-25
157,Niharika Ramesh,1957-04-06,Sultan Pur Majra,India,10,2026-01-24
158,Dayamai Dhar,1960-07-06,Jodhpur,India,8,2025-06-13
159,Timothy Nagy,1981-04-17,Sri Ganganagar,India,2,2025-03-13
160,Lakshmi Dada,1997-02-28,Bhagalpur,India,7,2025-10-07
161,Pahal Mahajan,1993-06-26,Hindupur,India,4,2025-06-03
162,Ekbal Varkey,1962-01-13,Saharsa,India,7,2025-09-05
163,Yahvi Prabhakar,1991-05-27,Sonipat,India,4,2025-05-13
164,Oscar Narain,2000-04-28,Nizamabad,India,6,2025-09-18
165,Garima Bath,1964-05-30,Jalgaon,India,3,2025-06-22
166,Rayaan Datta,1977-01-26,Tiruchirappalli,India,5,2025-09-06
167,Zarna Jain,1995-03-12,Ahmednagar,India,9,2026-02-27
168,Indrajit Doctor,1979-08-09,Yamunanagar,India,10,2025-12-10
169,Ekanta Bath,1990-10-08,Proddatur,India,1,2025-04-05
170,Chatresh Deol,1962-02-09,Nashik,India,4,2025-11-22
171,Pahal Zachariah,1995-07-21,Jalna,India,7,2025-11-12
172,Anmol Pandya,1988-08-17,Hubli–Dharwad,India,7,2025-03-08
173,Nikita Sama,1972-02-21,Satna,India,2,2025-11-18
174,Peter Dewan,1964-02-26,Munger,India,5,2025-11-08
175,Girik Tella,1982-07-29,Pondicherry,India,10,2025-12-23
176,Jalsa Oommen,1979-04-04,Agartala,India,9,2026-01-15
177,Ishani Lad,1960-12-27,Nashik,India,6,2025-03-29
178,Udyati Trivedi,1979-06-24,Fatehpur,India,3,2026-02-02
179,Charan Naik,1974-07-25,Bhilai,India,10,2025-04-26
180,Abeer Dhar,1957-01-21,Hospet,India,1,2026-01-06
181,Ojasvi Sen,1977-10-15,Thanjavur,India,5,2025-06-21
182,Pranit Muni,2000-12-15,Surat,India,1,2025-05-16
183,Yoshita Verma,1958-06-21,Ulhasnagar,India,4,2025-12-25
184,Shaurya Khare,1963-08-16,Dharmavaram,India,9,2025-12-08
185,Megha Nagy,1996-11-19,Moradabad,India,9,2026-01-17
186,Yuvraj Edwin,1984-05-26,Mango,India,6,2025-12-30
187,Indira Bath,1962-02-05,Jammu,India,4,2025-04-18
188,Warhi Chokshi,1970-10-28,Tumkur,India,8,2026-01-02
189,Matthew Sangha,1983-10-31,Aizawl,India,3,2025-05-09
190,Vanya Sule,1984-04-16,Firozabad,India,2,2025-03-06
191,Kabir Nigam,1973-12-22,Bally,India,8,2026-02-12
192,Saksham Bhargava,2007-02-07,Sirsa,India,5,2025-07-29
193,Rayaan Bala,1992-10-20,Phagwara,India,1,2026-02-26
194,Ishita Sagar,1986-05-05,Fatehpur,India,2,2025-09-26
195,Ayushman Chawla,1995-12-15,Salem,India,6,2025-06-01
196,Sathvik Kunda,1965-10-24,Khora ,India,9,2026-01-18
197,Harinakshi Deshpande,1968-04-23,Raipur,India,3,2025-07-21
198,Abdul Mohanty,1961-02-01,Sri Ganganagar,India,4,2025-09-04
199,Omaja Sundaram,1962-04-05,Erode,India,1,2025-10-28
200,Jonathan Nadig,2002-01-03,Bhalswa Jahangir Pur,India,5,2026-01-31
201,Krisha Butala,1968-06-09,Mangalore,India,9,2025-08-31
202,Joshua Desai,1974-07-25,Hosur,India,7,2026-02-22
203,Tanay Bhat,1974-01-17,Korba,India,3,2025-09-19
204,Chaitaly Badami,1959-09-14,Thane,India,6,2025-10-21
205,Raksha Sahota,1998-06-22,Cuttack,India,6,2025-09-06
206,Isha Rattan,1977-08-13,Kavali,India,5,2025-05-03
207,Dalbir Shankar,1957-11-24,Tinsukia,India,1,2025-07-14
208,Ekavir Bandi,1955-03-13,Belgaum,India,8,2026-01-09
209,Benjamin Bhattacharyya,1971-03-09,Ahmednagar,India,8,2025-10-25
210,Nathaniel Mammen,1978-03-25,Medininagar,India,9,2026-01-24
211,Ekta Bail,1967-10-15,Belgaum,India,10,2025-12-07
212,Janaki Bansal,1984-11-02,Mau,India,10,2025-05-06
213,Jagvi Dhar,2006-10-11,Khora ,India,3,2025-06-11
214,Meghana Atwal,2007-06-27,Bidhannagar,India,10,2025-11-27
215,Jonathan Dass,1968-06-03,Tadipatri,India,7,2026-01-28
216,Bachittar Dutta,1964-01-31,Delhi,India,7,2026-03-04
217,Urvashi Muni,1987-10-06,Dhanbad,India,7,2025-07-16
218,Yuvraj Pandey,1997-12-30,Aizawl,India,7,2025-06-01
219,Indali Pall,1973-12-22,Korba,India,5,2026-02-09
220,Chandran Naik,1985-11-16,Kollam,India,2,2025-07-19
221,Vaishnavi Dada,1974-06-20,Navi Mumbai,India,2,2026-02-24
222,Aarush Walla,1989-09-19,Katihar,India,8,2025-09-01
223,Diya Vohra,1988-05-10,Mango,India,3,2025-08-23
224,Faris Tripathi,1956-12-01,Nagaon,India,10,2025-03-07
225,Tanveer Warrior,1991-10-29,Kozhikode,India,2,2025-12-28
226,Falan Varghese,1984-04-03,Junagadh,India,5,2025-06-20
227,Adya Issac,1999-01-21,Yamunanagar,India,1,2025-09-21
228,Reva Mallick,1995-03-28,Katni,India,3,2025-12-30
229,Faqid Bandi,2007-03-29,Loni,India,9,2025-11-09
230,Lopa Parmer,2001-08-08,Fatehpur,India,3,2025-12-15
231,Amol Raja,1988-04-14,Shivpuri,India,1,2025-03-10
232,Wishi Choudhary,1983-05-18,Muzaffarpur,India,9,2025-05-11
233,Gaurika Chawla,2001-07-20,Karimnagar,India,5,2025-05-12
234,Zayan Deshpande,1960-08-17,Bangalore,India,9,2026-01-22
235,Devika Rama,1964-05-01,Udaipur,India,5,2025-04-01
236,Henry Mann,1970-04-06,Ballia,India,8,2025-05-20
237,Ati Hari,1984-05-04,Berhampore,India,6,2025-12-30
238,Hardik Bobal,1998-03-08,Ramagundam,India,9,2025-09-08
239,Noah Varty,1955-11-13,Haridwar,India,8,2025-03-12
240,Laban Raghavan,1998-08-03,Jabalpur,India,10,2025-11-29
241,Naksh Mistry,2006-03-23,Bhusawal,India,1,2026-02-16
242,Vinaya Gulati,1962-06-15,Bidar,India,4,2025-03-14
243,Janani Wable,1986-10-18,Silchar,India,5,2025-09-25
244,Prisha Soman,2003-09-25,Durg,India,4,2025-07-23
245,Bhavika Dugar,1969-03-24,Sambalpur,India,9,2025-12-28
246,Kavya Aurora,2003-01-31,Rewa,India,9,2025-09-27
247,Ishita Deshpande,1999-07-30,Ghaziabad,India,7,2025-05-01
248,Prisha Memon,1994-03-18,Kalyan-Dombivli,India,1,2025-12-18
249,Vrinda Nayar,2001-01-31,Gandhidham,India,5,2025-03-22
250,Sai Varughese,2007-05-09,Durgapur,India,4,2025-12-28
251,Bina Saha,1965-02-27,Vijayawada,India,9,2025-07-18
252,Wriddhish Kata,1983-08-25,Katni,India,7,2025-05-09
253,Chanakya Palan,1986-11-17,Bareilly,India,2,2025-10-08
254,Vincent Mutti,1975-08-30,Kakinada,India,7,2025-07-18
255,Bina Naik,2003-02-27,Jaunpur,India,3,2025-03-06
256,Zashil Koshy,1965-08-15,Kumbakonam,India,3,2025-07-13
257,Sathvik Taneja,1971-01-26,Jodhpur,India,10,2026-02-18
258,Varenya Kala,1987-08-12,Dibrugarh,India,1,2026-03-03
259,Liam Khatri,1997-01-18,Anantapuram,India,1,2025-03-30
260,Ucchal Oommen,2000-05-26,Mau,India,6,2025-10-12
261,Dayamai Singhal,1956-03-03,Bilaspur,India,3,2025-08-07
262,Balveer Nori,1964-12-10,Nagercoil,India,7,2025-12-18
263,Bishakha Sabharwal,2000-11-25,Udaipur,India,2,2025-06-01
264,George Nagarajan,1986-10-07,Korba,India,10,2026-01-24
265,Charita Mann,1963-10-16,Vasai-Virar,India,9,2026-01-04
266,Qabil Desai,1967-07-14,Mahbubnagar,India,3,2025-11-08
267,Manan Nori,2007-08-28,Surendranagar Dudhrej,India,9,2025-12-31
268,Harsh Ratta,2001-02-28,Srikakulam,India,3,2025-05-22
269,Edhitha Reddy,1976-06-06,Anantapuram,India,6,2026-01-07
270,Bhavya Gopal,1976-02-05,Kavali,India,5,2025-05-24
271,Indrajit Nanda,1970-09-28,Dibrugarh,India,4,2026-01-21
272,Qasim Solanki,1960-06-06,Berhampur,India,9,2025-10-24
273,Saksham Kurian,1965-03-31,Ahmednagar,India,6,2025-03-18
274,Balhaar Mall,2000-03-02,Morbi,India,10,2025-06-30
275,Tarak Thaker,1960-09-11,Khammam,India,9,2025-03-21
276,Chaitanya Yogi,1957-10-22,Tirunelveli,India,2,2025-04-21
277,Tanvi Yogi,1987-08-05,Saharanpur,India,2,2025-07-14
278,Jatin Ganesan,2004-07-18,Jaipur,India,3,2025-05-09
279,Ranbir Lad,1997-09-15,Mumbai,India,4,2025-03-27
280,Vedika Kumer,1957-11-17,Kishanganj,India,1,2026-02-02
281,Aishani Barad,1955-06-16,Hazaribagh,India,5,2025-08-30
282,Daksh Babu,1967-10-18,Hubli–Dharwad,India,10,2025-09-15
283,Nihal Bhavsar,1975-05-07,Bilaspur,India,4,2025-12-24
284,Onveer Bhatti,1997-05-15,Madhyamgram,India,10,2025-11-20
285,Chaitaly Baral,1965-09-28,Kishanganj,India,7,2025-10-20
286,Harita Loke,1988-11-24,Ahmedabad,India,5,2025-05-01
287,Abhimanyu Nagi,1959-05-09,Ambala,India,8,2026-01-28
288,Luke Mahal,1972-03-17,Karimnagar,India,9,2025-11-19
289,Banjeet Sur,1986-02-13,Suryapet,India,10,2025-03-13
290,Girish Mital,1987-06-03,Mau,India,9,2025-10-25
291,Nachiket Gera,1987-05-31,Tirunelveli,India,8,2025-05-25
292,Tarak Andra,1961-06-14,Sambhal,India,10,2025-06-02
293,Mohammed Dara,1987-08-04,Karimnagar,India,10,2025-10-19
294,Balvan Balay,1986-04-18,Jorhat,India,3,2025-10-24
295,Advik Doshi,1993-07-28,Mangalore,India,5,2025-10-31
296,Dhriti Saran,2007-10-07,Panihati,India,3,2025-10-18
297,Abeer Borra,1962-03-19,Nandyal,India,2,2026-02-26
298,Anita Grover,1989-09-22,Aizawl,India,10,2025-03-19
299,Umang Bava,1980-11-05,Kalyan-Dombivli,India,2,2025-04-06
300,Ekalinga Chaudry,1979-08-14,Pallavaram,India,5,2025-12-20
